{"count":1,"self":63.134719999999994,"total":68.701415799999992,"children":{"InitializeActuators":{"count":40,"self":0.0009979,"total":0.0009979,"children":null},"InitializeSensors":{"count":40,"self":0.0049867999999999996,"total":0.0049867999999999996,"children":null},"AgentSendState":{"count":3430,"self":0.1624871,"total":0.46957299999999996,"children":{"CollectObservations":{"count":22342,"self":0.28388009999999997,"total":0.28388009999999997,"children":null},"WriteActionMask":{"count":22342,"self":0.0070628999999999996,"total":0.0070628999999999996,"children":null},"RequestDecision":{"count":22342,"self":0.016142899999999998,"total":0.016142899999999998,"children":{"RayPerceptionSensor.Perceive":{"count":385,"self":0,"total":0,"children":null}}}}},"DecideAction":{"count":3430,"self":4.9009648,"total":4.9109717999999996,"children":{"RayPerceptionSensor.Perceive":{"count":21957,"self":0.0100068,"total":0.0100068,"children":null}}},"AgentAct":{"count":3430,"self":0.1791718,"total":0.1791718,"children":null}},"gauges":{},"metadata":{"timer_format_version":"0.1.0","start_time_seconds":"1655044631","unity_version":"2020.3.33f1","command_line_arguments":"C:\\ecosystem\\build\\ecosystem.exe","communication_protocol_version":"1.5.0","com.unity.ml-agents_version":"2.2.1-exp.1","scene_name":"ScoreBoard","end_time_seconds":"1655044700"}}